Average Error (m),Std Dev Error (m),Average Time (s),Std Dev Time (s),Success Rate (%)
0.23607138612480066,0.015045517478250486,11.56107430458069,3.5810094306334777,100.0
