Goal Number,Expected X,Expected Y,Actual X,Actual Y,Error (m),Result,Time (s)
1,0.0,1.0,-0.6507482938121052,1.0874349003326236,0.656595921168828,Success,9.22662353515625
2,3.0,-2.0,2.7963531583869576,-1.8798316255583511,0.23645818724441725,Success,11.209822416305542
3,1.0,2.0,0.9109945639935965,1.787750053820603,0.23015648435759292,Success,17.111244440078735
4,-1.0,2.0,-0.7734029242254236,1.9598898578532962,0.23011966072593174,Success,7.607773780822754
5,-3.5,0.0,-3.3894620321610365,0.20425050931869074,0.23224321925712343,Success,11.330913543701172
